question,answer,category
What is the admission process?,Admission is based on merit. Students need to fill the online application form and submit the required documents to the admission office.,admission
How can I get admission in this college?,You can apply online through the college website. Admission is granted based on previous academic performance and availability of seats.,admission
What are the documents required for admission?,"You need to submit 10th and 12th marksheets, transfer certificate, passport size photos, Aadhaar card, and caste certificate if applicable.",admission
What is the last date of admission?,Please check the official academic calendar or contact the admission office for the current year last date of admission.,admission
Is there any entrance exam for admission?,Currently admission is merit-based. Please confirm with the admission office if any entrance test is required for specific courses.,admission
Can I get admission in the second year?,Lateral entry or second year admission depends on availability of seats and eligibility criteria. Please contact the admission office.,admission
What is the eligibility criteria for admission?,Students must have passed 12th standard or equivalent examination from a recognized board with the required percentage.,admission
How can I check my admission status?,You can check your admission status by logging into the college admission portal using your application number.,admission
Is hostel facility available for new students?,"Yes, hostel facility is available. Students need to apply separately for hostel accommodation during the admission process.",admission
Can I change my course after admission?,Course change is possible only in special cases and subject to availability of seats. Please contact the academic section.,admission
What is the admission fee?,The admission fee details are available on the college website under the Fees section. It may vary depending on the course.,admission
Do you accept students from other states?,"Yes, students from other states can apply. They need to submit the required documents and meet the eligibility criteria.",admission
What is the fee structure?,"The detailed fee structure is available on the college website. It includes tuition fee, development fee, and other charges.",fees
How much is the tuition fee?,Tuition fee depends on the course. Please refer to the official fee structure document available on the college portal.,fees
Can I pay fees online?,"Yes, students can pay fees online through the college payment portal using net banking, UPI, or debit/credit card.",fees
What is the last date for fee payment?,The last date for fee payment is mentioned in the academic calendar. Late fee may be charged after the deadline.,fees
Is there any scholarship available?,"Yes, various government and college scholarships are available for eligible students. Please contact the scholarship section.",fees
Can I pay fees in installments?,Fee installment facility may be available in special cases. Please contact the accounts section for more details.,fees
What is the examination fee?,Examination fee is separate and is collected before each semester examination. The amount is notified by the exam section.,fees
How can I get the fee receipt?,"After successful online payment, you can download the fee receipt from the student portal.",fees
Is there any late fee charge?,"Yes, late fee is charged if payment is made after the due date. The amount is decided by the college administration.",fees
What is included in the college fee?,"The college fee generally includes tuition fee, library fee, laboratory fee, and other development charges.",fees
When does the semester start?,The semester start date is mentioned in the academic calendar available on the college website.,timetable
Where can I find the class timetable?,The class timetable is uploaded on the student portal and also displayed on the department notice board.,timetable
When will the exams start?,The examination schedule is released by the exam section before the end of each semester. Please check the notice board or portal.,timetable
What is the academic calendar?,"The academic calendar contains important dates like semester start, holidays, exam schedule, and result declaration dates.",timetable
How can I check my exam schedule?,Exam schedule is published on the college website and student portal. Students should check it regularly.,timetable
When will the results be declared?,Results are usually declared a few weeks after the examinations. Students can check results on the college portal.,timetable
Is there any attendance criteria?,"Yes, students must maintain minimum attendance as per university norms to be eligible for examinations.",timetable
What is the working hours of the college?,The college generally functions from 9:00 AM to 5:00 PM on working days. Timings may vary for different departments.,timetable
Is there holiday tomorrow?,Please check the official holiday list published on the college website or notice board.,holiday
What are the holidays this month?,The list of holidays is available in the academic calendar. You can also check the college notice board.,holiday
Is college closed on 15th August?,15th August is Independence Day and is a national holiday. The college remains closed.,holiday
When is the Diwali vacation?,Diwali vacation dates are mentioned in the academic calendar. Please refer to the official calendar.,holiday
Is Sunday a holiday?,"Yes, the college remains closed on Sundays and other public holidays as per the academic calendar.",holiday
Will the college remain open on Saturday?,Some Saturdays may be working days. Please check the academic calendar or department notice for confirmation.,holiday
When does the winter vacation start?,Winter vacation dates are published in the academic calendar. Students should check the official notification.,holiday
Is there any holiday for local festivals?,Local festival holidays are declared by the college administration as per government notifications.,holiday
What are the college timings?,The college generally operates from 9:00 AM to 5:00 PM from Monday to Friday.,general
Where is the library located?,The central library is located in the main academic building. Students can access it during working hours.,general
What are the library timings?,The library is usually open from 9:00 AM to 5:00 PM on working days. Timing may change during examinations.,general
How can I get my ID card?,Student ID cards are issued by the administration office after admission. Please contact the admin section.,general
Where is the administration office?,The administration office is located near the main entrance of the college campus.,general
How can I contact the principal?,You can contact the principal office through the college reception or by sending an email through the official portal.,general
Is there a canteen in the college?,"Yes, the college has a canteen facility that provides food and refreshments for students and staff.",general
What is the Wi-Fi password?,College Wi-Fi credentials are provided by the IT department. Please contact the IT support section.,general
Where can I find lost items?,Lost and found items are usually kept at the security office or administration section. Please enquire there.,general
How can I apply for a bonafide certificate?,You can apply for a bonafide certificate through the student section by submitting a written application.,general
Is there parking facility available?,"Yes, parking facility is available for students and staff inside the campus as per college rules.",general
How can I get my marksheet?,Marksheets can be collected from the examination section after the declaration of results by showing valid ID proof.,general
